Date,Ticker,Open,High,Low,Close,Volume
2020-01-01,HDFCBANK.NS,1225.0286424173514,1228.7725823160729,1219.748760227712,1227.4285888671875,1836849.0
2020-01-01,SBIN.NS,315.03453597129385,316.21109156018497,312.63434533525486,314.7992248535156,17379320.0
2020-01-01,TCS.NS,1971.1406899146136,1985.59684511546,1958.4119216218076,1970.777099609375,1354908.0
2020-01-02,HDFCBANK.NS,1227.81260738962,1236.4524146347387,1227.81260738962,1235.25244140625,3068583.0
2020-01-02,SBIN.NS,314.8462353827271,319.8818984050485,313.76381012406875,319.3641967773437,20324236.0
2020-01-02,TCS.NS,1982.0053766388485,1982.0053766388485,1954.0475488461127,1961.730224609375,2380752.0
2020-01-03,HDFCBANK.NS,1230.8844747666276,1233.5724616348048,1213.028896813404,1217.6368408203125,5427775.0
2020-01-03,SBIN.NS,318.0935503416839,318.0935503416839,312.4931347797769,314.09326171875,21853208.0
2020-01-03,TCS.NS,1967.503679111129,2021.146339493549,1967.503679111129,2000.82568359375,4655761.0
2020-01-06,HDFCBANK.NS,1209.572915705525,1211.300923887626,1186.5334315968482,1191.2852783203125,5445093.0
2020-01-06,SBIN.NS,312.21074142243395,312.21074142243395,299.03332140718857,300.2569274902344,35645325.0
2020-01-06,TCS.NS,2004.7810592382616,2023.8287079010013,1989.2336887655292,2000.6441650390625,3023209.0
2020-01-07,HDFCBANK.NS,1208.517009134917,1220.564669517856,1202.1331283980037,1210.14892578125,7362247.0
2020-01-07,SBIN.NS,305.3867453430625,307.7869069810974,296.8684666154616,299.69219970703125,50966826.0
2020-01-07,TCS.NS,2000.6894147553744,2013.5544726235692,1985.505858501568,2005.5537109375,2429317.0
2020-01-08,HDFCBANK.NS,1197.0452073503518,1211.6369516371497,1190.4214490960535,1206.9810791015625,5666055.0
2020-01-08,SBIN.NS,293.76235427588534,302.6100450263121,292.7269797921713,301.0099182128906,44527485.0
2020-01-08,TCS.NS,2004.7813126792687,2054.7871957619723,2002.0992233447157,2050.468505859375,5197454.0
2020-01-09,HDFCBANK.NS,1214.3729590739938,1224.7407750847085,1212.5489762518453,1220.516845703125,4773158.0
2020-01-09,SBIN.NS,307.6927656374137,311.92836512111023,305.9044071558635,310.79888916015625,40348407.0
2020-01-09,TCS.NS,2044.55866589478,2047.46805462136,2009.327249195092,2013.2823486328125,3734173.0
2020-01-10,HDFCBANK.NS,1232.7084954285822,1235.3964823794963,1224.0686880383555,1231.364501953125,4607290.0
2020-01-10,SBIN.NS,311.5518686769599,318.0935281646586,308.82226590474994,312.7284240722656,42377838.0
2020-01-10,TCS.NS,2025.6921817538705,2031.1473671625436,2007.5082303916276,2012.5543212890625,1915807.0
2020-01-13,HDFCBANK.NS,1231.3644944720004,1244.6122459304834,1224.9326847723075,1234.532470703125,3725784.0
2020-01-13,SBIN.NS,314.3756028778699,315.7404186316595,309.7164320041026,311.3165588378906,23615129.0
2020-01-13,TCS.NS,2016.464488077656,2017.4644725034243,1986.324446949108,1991.4615478515625,2843893.0
2020-01-14,HDFCBANK.NS,1237.4124667347749,1240.8204377801117,1226.3727123767842,1237.8924560546875,3943145.0
2020-01-14,SBIN.NS,310.4223470835572,312.2107341665173,307.31625249909195,308.7281188964844,26296117.0
2020-01-14,TCS.NS,1995.6885727823185,2027.3286911324576,1995.6885727823185,2006.5079345703125,2948452.0
2020-01-15,HDFCBANK.NS,1234.9163942516534,1236.4042906499635,1223.108611556013,1232.8524169921875,5893724.0
2020-01-15,SBIN.NS,309.6693970761854,309.8576574395874,303.4101277738005,305.198486328125,32625740.0
2020-01-15,TCS.NS,2012.054380246327,2028.4199377901289,1994.9614201950508,2024.692138671875,2620681.0
2020-01-16,HDFCBANK.NS,1230.7405984101122,1239.33235991824,1228.148585905703,1236.116455078125,3575200.0
2020-01-16,SBIN.NS,304.9631733147415,307.6927762198812,303.410125862205,304.3042907714844,26653623.0
2020-01-16,TCS.NS,2024.7383664832823,2044.7862260329057,2013.8734951813635,2035.512451171875,3117214.0
2020-01-17,HDFCBANK.NS,1230.452603717741,1233.4765598262318,1220.996837689832,1226.9967041015625,8459407.0
2020-01-17,SBIN.NS,294.60945254151926,304.4925172433913,291.87984994018694,299.315673828125,58396326.0
2020-01-17,TCS.NS,2037.285119238448,2048.922896323381,2012.0548784445764,2017.60107421875,3281059.0
2020-01-20,HDFCBANK.NS,1252.6280064460766,1252.6280064460766,1202.3731520316696,1204.6771240234375,11089225.0
2020-01-20,SBIN.NS,302.1394305381046,302.563001977256,294.9859678708076,295.5507202148437,30682902.0
2020-01-20,TCS.NS,1995.5977231078791,2038.6028139748955,1960.411820388346,1973.277099609375,5817599.0
2020-01-21,HDFCBANK.NS,1199.9732187921677,1199.9732187921677,1188.8374907587531,1194.54931640625,7492402.0
2020-01-21,SBIN.NS,295.36247303982225,298.3274157972042,293.66824465660284,295.26837158203125,30591772.0
2020-01-21,TCS.NS,1972.9132460207525,1988.0060146505389,1962.093883598288,1973.9134521484373,1902980.0
2020-01-22,HDFCBANK.NS,1198.101369534372,1204.7731741026575,1184.997637869106,1191.189453125,9184155.0
2020-01-22,SBIN.NS,298.3744653149353,298.3744653149353,295.2683703834752,297.57440185546875,24994911.0
2020-01-22,TCS.NS,1982.9598073978293,2009.3265356942704,1976.322621052936,2006.5079345703125,1773686.0
2020-01-23,HDFCBANK.NS,1190.3735458521442,1196.949376277332,1181.733737858056,1195.0294189453125,5754460.0
2020-01-23,SBIN.NS,297.43326366789927,305.716203824546,295.6919555882341,304.2102355957031,33293610.0
2020-01-23,TCS.NS,2013.7076583466471,2020.9521497958965,1989.9236211610848,1996.5302734375,2069866.0
2020-01-24,HDFCBANK.NS,1196.1333772226055,1203.8132062898453,1189.5095012151328,1194.741455078125,5915878.0
2020-01-24,SBIN.NS,304.4925504804364,308.0692675588772,302.2806204893883,305.0102233886719,22706879.0
2020-01-24,TCS.NS,1996.530221792942,1996.530221792942,1977.43931985912,1989.650146484375,1319430.0
2020-01-27,HDFCBANK.NS,1185.5735765455952,1185.5735765455952,1163.2540739911942,1164.64599609375,9444276.0
2020-01-27,SBIN.NS,302.04532191948624,303.08069650337285,297.2449697392845,297.6214904785156,23309355.0
2020-01-27,TCS.NS,1995.3908835576535,1998.8081169595805,1972.882750712192,1976.755615234375,1549101.0
2020-01-28,HDFCBANK.NS,1170.0220372548329,1178.6618451916788,1164.6941088198198,1174.245849609375,6706079.0
2020-01-28,SBIN.NS,299.2686421367492,301.1981814971666,292.7740333686189,296.5860900878906,26488426.0
2020-01-28,TCS.NS,1981.0846730555957,1993.660140038492,1961.036898075272,1989.969482421875,1743024.0
2020-01-29,HDFCBANK.NS,1176.2618224737796,1192.293418179207,1173.333840877243,1186.3895263671875,6894175.0
2020-01-29,SBIN.NS,299.17454798124584,300.9158559225821,297.0096685563817,297.8568115234375,23914114.0
2020-01-29,TCS.NS,1991.1080455357485,1992.884962454157,1959.2138663166404,1963.40576171875,2306761.0
2020-01-30,HDFCBANK.NS,1189.3653183831505,1189.3653183831505,1168.4857859610656,1176.981689453125,6055992.0
2020-01-30,SBIN.NS,298.1391270254114,298.1391270254114,287.69130972571486,292.4446105957031,35802330.0
2020-01-30,TCS.NS,1968.3265830226544,1972.8828945574292,1936.432402279232,1948.1422119140625,2098567.0
2020-01-31,HDFCBANK.NS,1182.1655977902597,1188.2615556362798,1171.4138843651856,1177.2218017578125,5589134.0
2020-01-31,SBIN.NS,295.2683774649774,302.79833260619966,290.4680253175484,299.7392883300781,92656638.0
2020-01-31,TCS.NS,1949.5543574384087,1954.0652835308535,1887.7709552249269,1894.559814453125,3287223.0
2020-02-03,HDFCBANK.NS,1149.0942406721315,1150.0061733542714,1130.5666091323744,1145.0623779296875,6538505.0
2020-02-03,SBIN.NS,285.197052745246,288.8208494243677,277.99653884162734,280.5849609375,56060158.0
2020-02-03,TCS.NS,1961.0361883174792,1999.9470384510464,1907.4539282678568,1915.9287109375,4728073.0
2020-02-04,HDFCBANK.NS,1150.0544192568143,1184.6136505533464,1150.0544192568143,1180.581787109375,10448852.0
2020-02-04,SBIN.NS,285.1029289649214,289.47970977136066,279.64372282079285,288.256103515625,51141567.0
2020-02-04,TCS.NS,1940.077088958809,1947.0937629159048,1901.4396633546755,1920.7127685546875,3509339.0
2020-02-05,HDFCBANK.NS,1185.4776108808155,1198.0533072555752,1178.1817968697628,1194.83740234375,9010341.0
2020-02-05,SBIN.NS,288.86788220711384,295.22128150224614,286.70303171486785,292.7269897460937,35014841.0
2020-02-05,TCS.NS,1927.3198195482871,1965.3194140484056,1917.569357155023,1956.0701904296875,2439322.0
2020-02-06,HDFCBANK.NS,1194.8373913410132,1198.7252343711891,1187.6854804396453,1190.1815185546875,5913775.0
2020-02-06,SBIN.NS,292.9152240966901,304.4925169612133,291.8798496696973,303.0335998535156,57757656.0
2020-02-06,TCS.NS,1954.6575349615416,1981.266348284905,1927.7752984667325,1939.485107421875,2640065.0
2020-02-07,HDFCBANK.NS,1196.1333170599114,1197.0932956450315,1182.3096019972018,1192.4853515625,3407724.0
2020-02-07,SBIN.NS,302.6100750186933,305.90443042325137,299.6922116297562,301.71588134765625,37126803.0
2020-02-07,TCS.NS,1949.1897010492944,1960.1248466372288,1930.9644584027371,1946.9571533203125,2083442.0
2020-02-10,HDFCBANK.NS,1193.205348553925,1193.205348553925,1176.9818040358296,1190.6614990234375,4609917.0
2020-02-10,SBIN.NS,301.0099220441616,303.8336550041425,297.9038272779815,299.78631591796875,24816396.0
2020-02-10,TCS.NS,1950.9215202982496,1974.7055571622436,1930.9649633718475,1970.1036376953125,2383032.0
2020-02-11,HDFCBANK.NS,1193.5414754980973,1204.7731785758035,1188.501587699274,1190.949462890625,5806760.0
2020-02-11,SBIN.NS,302.18647903206346,306.6573895755266,302.18647903206346,305.2926025390625,30188757.0
2020-02-11,TCS.NS,1971.0603407969277,1981.813280355219,1957.026990467796,1962.3121337890625,1335820.0
2020-02-12,HDFCBANK.NS,1195.365218306943,1202.7571232965508,1194.2613367456927,1199.01318359375,3148965.0
2020-02-12,SBIN.NS,310.5164968016313,310.5164968016313,300.4922504940283,301.3864440917969,38930849.0
2020-02-12,TCS.NS,1960.2168279667817,1991.1085373358865,1959.2143502389729,1978.123046875,1620407.0
2020-02-13,HDFCBANK.NS,1209.4770105777045,1209.4770105777045,1184.229527588344,1191.7174072265625,4556070.0
2020-02-13,SBIN.NS,303.080716451495,311.50486586750947,303.080716451495,308.21051025390625,62516057.0
2020-02-13,TCS.NS,1980.1276641213983,2002.0435701837343,1978.3507468679504,1997.441650390625,1645948.0
2020-02-14,HDFCBANK.NS,1193.445393797027,1198.4373530168175,1166.374043126806,1170.5499267578125,7344429.0
2020-02-14,SBIN.NS,308.8222910777636,312.399008281243,299.8333898902178,300.6334533691406,48205947.0
2020-02-14,TCS.NS,1993.8415026329344,2015.7117933382317,1978.3500467166816,1990.378662109375,1500115.0
2020-02-17,HDFCBANK.NS,1175.9737969307262,1183.6536258086412,1165.8459757240205,1168.43798828125,5076345.0
2020-02-17,SBIN.NS,302.092382450081,302.2806140834056,293.33879285230205,295.7389831542969,36950692.0
2020-02-17,TCS.NS,2001.9975287973796,2020.268381160112,1995.8465086923584,2007.738525390625,1774724.0
2020-02-18,HDFCBANK.NS,1168.198037290362,1169.7339796863732,1155.3343000020927,1164.694091796875,5264558.0
2020-02-18,SBIN.NS,296.8684811424876,300.4452271348669,291.2210146829939,298.89215087890625,38588583.0
2020-02-18,TCS.NS,2004.7315272288383,2023.91364385516,1992.0650697764431,2019.1295166015625,2486223.0
2020-02-19,HDFCBANK.NS,1173.5738408044704,1180.7736803186085,1165.3180482652365,1178.085693359375,5006134.0
2020-02-19,SBIN.NS,303.3630582688956,304.9631852367896,298.6097855443565,301.52764892578125,39846727.0
2020-02-19,TCS.NS,2019.1292032096708,2032.114689453939,1996.11983284702,2001.4508056640625,1760463.0
2020-02-20,HDFCBANK.NS,1180.7736395518652,1180.7736395518652,1165.509956871901,1168.389892578125,5561707.0
2020-02-20,SBIN.NS,300.5864251196741,309.8576888286938,300.0216726967564,308.39874267578125,40150409.0
2020-02-20,TCS.NS,2008.8779380950489,2017.8993467626171,1960.35321584349,1965.4107666015625,2317278.0
2020-02-24,HDFCBANK.NS,1160.56614439493,1166.1340674501685,1151.97438233398,1161.526123046875,8284042.0
2020-02-24,SBIN.NS,306.6103568075978,311.8342516271833,302.93950947022705,303.9748840332031,45273936.0
2020-02-24,TCS.NS,1964.6811441756304,1985.5945654776408,1919.7558768567271,1927.638427734375,3092877.0
2020-02-25,HDFCBANK.NS,1155.81432539756,1160.6142187754567,1150.0544533440836,1152.262451171875,6943340.0
2020-02-25,SBIN.NS,306.751549101484,308.86934903521933,303.268962000708,307.5986633300781,39050709.0
2020-02-25,TCS.NS,1927.7756313415816,1983.499238808941,1923.6749504902289,1964.818359375,2674567.0
2020-02-26,HDFCBANK.NS,1149.5743100037296,1156.486108668004,1138.1985876590406,1151.2542724609375,6907393.0
2020-02-26,SBIN.NS,305.76323798310267,311.36362472506147,305.1514348902162,308.9164123535156,43915281.0
2020-02-26,TCS.NS,1962.858775990525,1971.8801827671632,1925.451418238842,1935.156494140625,2686842.0
2020-02-27,HDFCBANK.NS,1147.1744311509976,1154.37427067705,1133.7347307023667,1151.4462890625,10327549.0
2020-02-27,SBIN.NS,308.7281161152333,310.61060462813106,299.31567355074446,303.0335998535156,47010040.0
2020-02-27,TCS.NS,1931.8305380111972,1931.8305380111972,1901.0754342778116,1918.662841796875,2349001.0
2020-02-28,HDFCBANK.NS,1128.4548214429535,1137.5746179582306,1123.270913670977,1130.518798828125,12156528.0
2020-02-28,SBIN.NS,293.6682515663676,296.1625434709897,283.4086933943655,285.1970520019531,59705346.0
2020-02-28,TCS.NS,1884.4905039776984,1885.857397476715,1813.4120420288295,1822.661376953125,4298076.0
2020-03-02,HDFCBANK.NS,1152.166283036904,1153.07833302907,1119.4790816152388,1132.3907470703125,7332449.0
2020-03-02,SBIN.NS,292.7269824560025,293.6682267725813,267.3604366344054,270.5136108398437,66711413.0
2020-03-02,TCS.NS,1854.4188466969408,1871.6872234031384,1809.49356920802,1823.7093505859373,2667076.0
2020-03-03,HDFCBANK.NS,1127.9747846003422,1137.91053905325,1121.2549348197444,1134.502685546875,11184775.0
2020-03-03,SBIN.NS,275.7845854910687,277.1023217928843,268.5369927443374,272.8196716308594,61949382.0
2020-03-03,TCS.NS,1840.7500448126711,1877.200540749556,1833.4599456252945,1855.512451171875,2757585.0
2020-03-04,HDFCBANK.NS,1131.1907052224476,1132.7746932728987,1087.7516756710927,1102.871337890625,17144435.0
2020-03-04,SBIN.NS,274.6550752547897,275.78457990460714,258.936312679225,268.5369873046875,73675736.0
2020-03-04,TCS.NS,1873.5555039637109,1908.5934989273308,1845.306369419511,1898.341796875,3237002.0
2020-03-05,HDFCBANK.NS,1106.855228221711,1118.3749704061522,1097.0154484391678,1105.271240234375,9774854.0
2020-03-05,SBIN.NS,273.80799206079627,280.8673251083821,254.13598971309037,271.54901123046875,149245973.0
2020-03-05,TCS.NS,1900.6196464415093,1957.1635140285644,1899.1161527067184,1936.4779052734373,3937056.0
2020-03-06,HDFCBANK.NS,1079.9759247533182,1095.2396079268094,1056.9364383585807,1089.479736328125,11526783.0
2020-03-06,SBIN.NS,252.2534567785351,258.2774141805863,239.02897231004675,254.6065673828125,106043172.0
2020-03-06,TCS.NS,1911.828367792793,1935.202157560141,1887.7711312781407,1928.64111328125,2595027.0
2020-03-09,HDFCBANK.NS,1065.5761480374497,1073.6399909730865,1022.3771150089042,1062.9842529296875,17210295.0
2020-03-09,SBIN.NS,244.7705842844944,247.3119555458399,236.39351522688983,238.55838012695312,101286241.0
2020-03-09,TCS.NS,1890.869476579006,1895.3345733404587,1763.29274080982,1797.328369140625,4940975.0
2020-03-11,HDFCBANK.NS,1060.776263254514,1075.1759410362497,1048.2965425103432,1069.22412109375,17769120.0
2020-03-11,SBIN.NS,238.13483004349035,243.31167417487055,228.81651635190576,230.69900512695312,90845604.0
2020-03-11,TCS.NS,1761.4698030142376,1810.9513841383664,1749.6233946132106,1780.3328857421875,6796449.0
2020-03-12,HDFCBANK.NS,1031.976946543709,1036.7768393183303,963.2904926573576,980.4260864257812,29500385.0
2020-03-12,SBIN.NS,218.27455517017995,218.27455517017995,196.3435736917972,200.10855102539065,99767083.0
2020-03-12,TCS.NS,1735.0434708538633,1739.053047340847,1602.31809065989,1612.797607421875,8728786.0
2020-03-13,HDFCBANK.NS,940.8269733160892,1038.168763865952,882.4123015442967,1026.985107421875,33171182.0
2020-03-13,SBIN.NS,188.24887866816243,234.181607935644,173.8007714854811,227.78114318847656,155701316.0
2020-03-13,TCS.NS,1538.119816039825,1658.497555958184,1372.4067720506314,1646.0133056640625,8029720.0
2020-03-16,HDFCBANK.NS,993.5778991790818,995.4978564721814,955.1787533170884,959.4986572265624,15993161.0
2020-03-16,SBIN.NS,214.5095789605406,217.8039341446961,207.6385067805296,210.2269287109375,75583409.0
2020-03-16,TCS.NS,1599.2654301758755,1678.7730705079812,1527.1389926585043,1545.865478515625,7844271.0
2020-03-17,HDFCBANK.NS,967.658391398418,969.5783485242084,916.4915457145892,936.0750732421876,21338419.0
2020-03-17,SBIN.NS,213.8507098686927,216.39206669871248,199.5908639497352,202.5087127685547,65403057.0
2020-03-17,TCS.NS,1576.4839391397768,1577.3952015323432,1479.11557474168,1510.873046875,5713248.0
2020-03-18,HDFCBANK.NS,945.5788288962376,953.2586569481866,830.3814081170004,841.80517578125,30590703.0
2020-03-18,SBIN.NS,208.0149906968892,210.03866020085104,188.34299053425465,202.55577087402344,101356399.0
2020-03-18,TCS.NS,1528.0047054796953,1561.4935958012477,1483.3072441063111,1507.5924072265625,7258778.0
2020-03-19,HDFCBANK.NS,813.1019108901019,883.1323646386182,763.1830214375808,859.7088623046875,33610024.0
2020-03-19,SBIN.NS,191.02553430587375,206.8384419558344,186.5075586398495,191.6844024658203,93533467.0
2020-03-19,TCS.NS,1431.68032328021,1547.1088071480324,1419.7932995829383,1502.0389404296875,5135111.0
2020-03-20,HDFCBANK.NS,839.9812812149705,877.9964106192646,791.5503487681442,847.51708984375,44318732.0
2020-03-20,SBIN.NS,193.4727878395074,203.02641268286163,188.248878586288,197.5201416015625,77391650.0
2020-03-20,TCS.NS,1496.2101752767967,1715.593139627198,1493.456414218005,1649.9158935546875,8547498.0
2020-03-23,HDFCBANK.NS,762.7989418883617,805.1820188354235,734.3835998916231,740.6714477539062,25138477.0
2020-03-23,SBIN.NS,178.83642410626436,187.7782453115776,169.65929181660078,170.9299774169922,61750037.0
2020-03-23,TCS.NS,1487.0306580216582,1606.3602787271,1484.9653376632948,1532.6512451171875,7003490.0
2020-03-24,HDFCBANK.NS,763.4229215311468,777.5826047660847,709.1841349024014,736.9755249023438,30528636.0
2020-03-24,SBIN.NS,179.73060244005768,180.67184677267096,163.35295679748594,172.4359588623047,67491360.0
2020-03-24,TCS.NS,1517.368173126927,1624.7189057213536,1498.8261161249284,1563.35595703125,6350865.0
2020-03-25,HDFCBANK.NS,739.6154731328708,832.7333909175358,725.0237876996724,822.4616088867188,23614021.0
2020-03-25,SBIN.NS,167.5415067198938,183.7779729610071,166.08257499679303,178.7423095703125,71567553.0
2020-03-25,TCS.NS,1560.464549256273,1661.4357847963845,1542.1061427944344,1606.635986328125,2765520.0
2020-03-26,HDFCBANK.NS,835.2774048390904,900.1719971161107,807.3420493968215,865.0367431640625,28521578.0
2020-03-26,SBIN.NS,180.29534494006415,189.19010052513983,174.22432219864734,181.42483520507807,107260359.0
2020-03-26,TCS.NS,1681.262699137288,1681.675830478223,1581.16356360257,1643.94921875,4556067.0
2020-03-27,HDFCBANK.NS,907.131756379844,949.0828313733216,837.1972827899858,868.2526245117188,27617968.0
2020-03-27,SBIN.NS,190.13137556720145,199.4496897139612,183.54266453269443,184.4368438720703,114740377.0
2020-03-27,TCS.NS,1670.615085843296,1698.1526971484054,1606.7278500256082,1674.7457275390625,4331250.0
2020-03-30,HDFCBANK.NS,844.7811519274456,851.5010019995958,794.8622656771875,798.3662109375,19634222.0
2020-03-30,SBIN.NS,178.83641157029354,183.54263292740652,175.3067455524588,175.91854858398438,60081554.0
2020-03-30,TCS.NS,1621.0474790026708,1748.6384187429717,1618.7986187700278,1632.521484375,8513547.0
2020-03-31,HDFCBANK.NS,819.6297167993533,838.637281357104,804.4620666408429,827.4055786132812,17605546.0
2020-03-31,SBIN.NS,180.7189100922876,186.83699819437024,177.00099788731782,185.2839508056641,59543412.0
2020-03-31,TCS.NS,1686.58677758388,1702.742152414958,1633.8981300801215,1676.2142333984375,3927593.0
2020-04-01,HDFCBANK.NS,829.2775111385743,829.2775111385743,787.1824719013174,796.4462890625,14551752.0
2020-04-01,SBIN.NS,182.6014254677896,183.07204769837676,174.36553643251565,175.5891571044922,52954239.0
2020-04-01,TCS.NS,1676.0308556172913,1684.1544286252115,1562.300497353923,1568.4964599609375,4941878.0
2020-04-03,HDFCBANK.NS,809.2619642334049,810.221942838664,777.5826702598553,781.278564453125,17498140.0
2020-04-03,SBIN.NS,176.530382408527,177.14218549699686,164.71776283025062,165.18838500976562,64448494.0
2020-04-03,TCS.NS,1597.181568931946,1597.181568931946,1514.568729159604,1518.4239501953125,5735369.0
2020-04-07,HDFCBANK.NS,839.0213719090607,870.9886504475179,811.5179591068699,860.2368774414062,30206319.0
2020-04-07,SBIN.NS,173.56544835553186,176.29506552435203,167.16499841429535,175.44793701171875,72130500.0
2020-04-07,TCS.NS,1569.6437069217693,1639.267938996995,1565.054105439542,1629.4920654296875,5427577.0
2020-04-08,HDFCBANK.NS,844.7331314848557,907.1797240516136,831.4373934954075,853.324951171875,28109676.0
2020-04-08,SBIN.NS,172.15359625485192,182.97790693280243,169.84755033069504,172.2477264404297,80435759.0
2020-04-08,TCS.NS,1615.5400132531236,1657.764354508603,1561.382705990661,1565.4674072265625,6285615.0
2020-04-09,HDFCBANK.NS,876.4604677521188,893.6441082457919,854.380959802175,888.0281982421875,22228573.0
2020-04-09,SBIN.NS,176.95393901880826,178.8364277317743,172.8124695951826,176.7186279296875,62416005.0
2020-04-09,TCS.NS,1606.7732788235553,1632.7964046693442,1589.103315968207,1621.1846923828125,5307397.0
2020-04-13,HDFCBANK.NS,896.6200433091601,908.8117836679344,850.7330763657886,859.516845703125,17079028.0
2020-04-13,SBIN.NS,175.8244472363271,177.61280575422924,172.34184601805768,172.7183380126953,51847146.0
2020-04-13,TCS.NS,1616.4576789147984,1640.3236071668057,1602.6888741540251,1614.851318359375,2990438.0
2020-04-15,HDFCBANK.NS,893.2600852060125,893.2600852060125,809.2619579029216,828.74951171875,28989376.0
2020-04-15,SBIN.NS,176.01270608987582,180.6718630845108,169.5651760844643,171.63592529296875,72190004.0
2020-04-15,TCS.NS,1638.4880496461708,1663.2719024979615,1585.9830432397498,1592.729736328125,4761399.0
2020-04-16,HDFCBANK.NS,830.3814539431036,855.052914640017,821.9816415477253,844.5411376953125,26927198.0
2020-04-16,SBIN.NS,171.3064869847791,178.7423122683392,169.65930922531007,177.42457580566406,61165773.0
2020-04-16,TCS.NS,1569.5978618344566,1620.0376524315293,1537.5625311749598,1575.197265625,6245533.0
2020-04-17,HDFCBANK.NS,878.3804415276423,883.1803346507442,851.741034694427,873.8685302734375,27941731.0
2020-04-17,SBIN.NS,184.4838993521588,186.3663881210584,175.3538316954457,181.89547729492188,89851063.0
2020-04-17,TCS.NS,1652.2562057366697,1699.9421108541403,1609.1139603646566,1657.947265625,9895823.0
2020-04-20,HDFCBANK.NS,912.939658492514,922.491457384505,897.5800007260784,907.0357666015624,33116493.0
2020-04-20,SBIN.NS,182.6014112596388,185.7545857041252,178.8834987997404,181.1895446777344,81958510.0
2020-04-20,TCS.NS,1679.7944736411291,1679.7944736411291,1654.5516605126425,1669.3760986328125,3244282.0
2020-04-21,HDFCBANK.NS,887.9801870345212,896.6199942597219,871.6605511646976,884.7642822265625,16589003.0
2020-04-21,SBIN.NS,176.9539416652571,177.14218766691923,172.24771981245772,173.8948974609375,53042420.0
2020-04-21,TCS.NS,1620.1292667442651,1647.299684161655,1585.8907960601657,1595.024169921875,5122541.0
2020-04-22,HDFCBANK.NS,882.3643453801485,895.6600254289058,870.9885639210034,891.4360961914062,19144677.0
2020-04-22,SBIN.NS,174.60082914174848,178.36580658954898,170.69467078455514,177.61280822753906,61503413.0
2020-04-22,TCS.NS,1595.0239103009774,1643.077005912908,1578.042388172827,1624.2596435546875,3829836.0
2020-04-23,HDFCBANK.NS,897.5800425299891,920.139540925128,876.0285100042288,916.7316284179688,20450611.0
2020-04-23,SBIN.NS,176.71864094041874,178.74231071094823,174.27139968848758,175.73033142089844,50955312.0
2020-04-23,TCS.NS,1633.89807406745,1744.0485060270532,1616.319878557067,1724.083740234375,5934366.0
2020-04-24,HDFCBANK.NS,895.6600542481231,920.043534681781,888.9402038947073,900.5079345703125,16642284.0
2020-04-24,SBIN.NS,173.18896348552676,173.18896348552676,168.48274165168093,169.1886749267578,65137305.0
2020-04-24,TCS.NS,1689.616150359789,1699.9427555620362,1659.4166567867762,1669.2843017578125,2987102.0
2020-04-27,HDFCBANK.NS,907.3237456754832,919.0834828573294,889.2281149381581,892.4920654296875,13710536.0
2020-04-27,SBIN.NS,172.71834404260247,172.71834404260247,169.89461089749182,170.27110290527344,42996571.0
2020-04-27,TCS.NS,1681.9055486787458,1721.100703888298,1675.2046851179432,1685.8525390625,3374741.0
2020-04-28,HDFCBANK.NS,906.0277838639396,906.0277838639396,885.1002622663689,894.1240844726562,14720718.0
2020-04-28,SBIN.NS,171.30647902413298,174.45965347634515,170.55348063948907,173.47134399414062,49590230.0
2020-04-28,TCS.NS,1711.9212975639518,1714.6750583643227,1682.1806585097827,1706.459716796875,2678505.0
2020-04-29,HDFCBANK.NS,897.5799809804679,952.9707573006388,896.7159768131351,937.9950561523438,27938889.0
2020-04-29,SBIN.NS,174.1302053057561,180.5306697786337,172.71833877624996,178.93055725097656,57470466.0
2020-04-29,TCS.NS,1720.1827830672885,1755.5686583503962,1698.1986349023143,1749.2349853515625,4241510.0
2020-04-30,HDFCBANK.NS,961.3225866869284,978.2181864906132,952.3947388960328,961.70654296875,21896567.0
2020-04-30,SBIN.NS,182.13077022522452,184.38975077769243,178.55403904861032,179.30703735351562,63063889.0
2020-04-30,TCS.NS,1817.482302849275,1865.2141613079427,1782.7848686109137,1849.1046142578125,5915544.0
2020-05-04,HDFCBANK.NS,919.1794398546476,921.579386172806,880.7802987641141,886.0601806640625,13361162.0
2020-05-04,SBIN.NS,171.73002367622135,172.71833308676975,167.54148931577663,168.341552734375,58118177.0
2020-05-04,TCS.NS,1804.6316289755453,1804.6316289755453,1756.5785151818116,1771.99951171875,3729348.0
2020-05-05,HDFCBANK.NS,900.4598922789272,906.2197636581102,871.7085225926843,874.9724731445312,14836429.0
2020-05-05,SBIN.NS,170.36522683032493,170.60053791710715,158.88204866780256,160.38803100585938,91050439.0
2020-05-05,TCS.NS,1794.62597008732,1814.72844722394,1768.8324318667335,1774.1104736328125,2905528.0
2020-05-06,HDFCBANK.NS,882.2203656717757,911.9797033603776,869.404674329953,908.5238037109376,16892923.0
2020-05-06,SBIN.NS,161.09397150603905,163.1176555606632,156.76425593201094,161.0469207763672,73156432.0
2020-05-06,TCS.NS,1780.5819331921705,1793.3409363695175,1738.173945947871,1747.3531494140625,3517431.0
2020-05-07,HDFCBANK.NS,902.8598311800572,905.547759416172,884.4762184107062,887.9801635742188,10915865.0
2020-05-07,SBIN.NS,160.8115984389823,162.41171091672246,158.88204470306832,160.71746826171875,42942399.0
2020-05-07,TCS.NS,1753.2277257739331,1775.670831684064,1728.7651280277098,1736.3839111328125,3166754.0
2020-05-08,HDFCBANK.NS,904.2998375658728,906.1718075468387,888.172208869174,891.8681030273438,10403742.0
2020-05-08,SBIN.NS,162.31758811764004,163.58827375721427,156.3406950081872,156.85836791992188,55932236.0
2020-05-08,TCS.NS,1779.9395202858486,1780.306710875624,1731.4274469652723,1737.9906005859375,2686530.0
2020-05-11,HDFCBANK.NS,899.4998717381964,915.8195065509492,877.4203658150602,879.1483154296875,14275392.0
2020-05-11,SBIN.NS,158.08199281672304,158.97617211697164,155.30532473184604,155.7288818359375,54591827.0
2020-05-11,TCS.NS,1752.310184800307,1791.2300353066155,1752.310184800307,1776.4515380859375,2449841.0
2020-05-12,HDFCBANK.NS,864.9407124570823,873.0045560767894,836.2373290839598,865.4686889648438,24784209.0
2020-05-12,SBIN.NS,154.55231687498392,158.59967038637376,151.39915697129842,157.0936737060547,70752542.0
2020-05-12,TCS.NS,1774.7074647105774,1795.9114052243465,1753.457583352828,1789.4859619140625,3256595.0
2020-05-13,HDFCBANK.NS,912.9395841779824,921.5793909683103,885.1961811587314,890.5241088867188,22173483.0
2020-05-13,SBIN.NS,168.05918583663038,168.05918583663038,160.48216575409003,163.8706512451172,81720683.0
2020-05-13,TCS.NS,1830.333032902978,1830.333032902978,1767.5932043608248,1789.623291015625,2656665.0
2020-05-14,HDFCBANK.NS,862.0607574683379,874.5404789016212,854.3809288940098,857.932861328125,19777445.0
2020-05-14,SBIN.NS,160.90573405075838,161.65873247476486,157.65844360712146,158.08200073242188,48136531.0
2020-05-14,TCS.NS,1753.2276787338544,1765.2524116071545,1735.8789635864823,1746.20556640625,2263146.0
2020-05-15,HDFCBANK.NS,854.8609678416927,856.6849506710339,839.9812991145212,852.6050415039062,12174814.0
2020-05-15,SBIN.NS,158.08197842269513,158.3643545871278,155.02293442621271,156.623046875,35495540.0
2020-05-15,TCS.NS,1758.7353087584368,1760.0204195988,1712.104912328021,1737.5313720703125,3173682.0
2020-05-18,HDFCBANK.NS,852.4609517267481,852.4609517267481,798.030156266248,803.1660766601562,23324982.0
2020-05-18,SBIN.NS,156.6230506288086,156.6230506288086,145.8928710211824,146.1752471923828,77349435.0
2020-05-18,TCS.NS,1750.473939939222,1792.6523311651513,1718.4385003796735,1785.9056396484375,3727694.0
2020-05-19,HDFCBANK.NS,826.3975569359566,832.5894306436485,793.0383004824985,797.40625,23730346.0
2020-05-19,SBIN.NS,148.2459892503431,148.57543052691028,143.4456371868608,143.8221435546875,71522334.0
2020-05-19,TCS.NS,1746.8025979649246,1805.044605084094,1746.8025979649246,1788.7056884765625,3198693.0
2020-05-20,HDFCBANK.NS,802.9741447073405,829.4215445063871,798.8942354895719,822.7976684570312,20007153.0
2020-05-20,SBIN.NS,144.01037935897563,146.1281790554312,142.2690716414351,144.38687133789062,66168767.0
2020-05-20,TCS.NS,1789.9444110185452,1801.7856041477528,1773.1464263409716,1793.2489013671875,2778505.0
2020-05-21,HDFCBANK.NS,826.9735799521446,848.6210857490879,818.1897522905017,825.1495971679688,24239454.0
2020-05-21,SBIN.NS,144.622176598387,146.97528727758137,142.59850715917895,143.02206420898438,61147471.0
2020-05-21,TCS.NS,1786.2728655319947,1834.004720109417,1781.820974582533,1827.7628173828125,3400908.0
2020-05-22,HDFCBANK.NS,815.9817998302934,835.4693534489282,799.7101510446007,805.2780151367188,21023716.0
2020-05-22,SBIN.NS,143.06913480393595,146.45762005734954,140.66895894628863,141.98670959472656,87064198.0
2020-05-22,TCS.NS,1814.8203299832403,1865.2141803972484,1800.271314618161,1854.5203857421875,3663418.0
2020-05-26,HDFCBANK.NS,822.7016446410719,836.861328723284,814.7818213408516,818.2857666015625,19002576.0
2020-05-26,SBIN.NS,143.44563891880713,144.19863730130274,141.37490413863134,142.50439453125,48275988.0
2020-05-26,TCS.NS,1849.6096806469736,1857.870964580385,1766.996841312866,1783.5194091796875,4575317.0
2020-05-27,HDFCBANK.NS,825.4856166751752,873.3885133752575,822.8456755408514,867.4846801757812,28012877.0
2020-05-27,SBIN.NS,143.02208800489183,151.3521069400813,141.9396626572684,149.2813720703125,88195120.0
2020-05-27,TCS.NS,1798.205812988992,1845.0197468646625,1781.9127281597143,1840.70556640625,3482160.0
2020-05-28,HDFCBANK.NS,883.1802799978511,911.9796369543028,877.3724213967884,907.4197387695312,37744403.0
2020-05-28,SBIN.NS,150.08141695211256,152.85808506418726,147.49299484789464,148.9048614501953,76968678.0
2020-05-28,TCS.NS,1825.2845340273648,1848.6915019014905,1809.4963495365184,1839.7877197265625,3475681.0
2020-05-29,HDFCBANK.NS,906.2197999286036,916.7795645464156,886.4922513838161,913.5636596679688,26512583.0
2020-05-29,SBIN.NS,146.92824065305376,152.38744609129682,146.08111216756046,151.8227081298828,58363280.0
2020-05-29,TCS.NS,1819.3182816564772,1838.2733608356684,1801.3270637435023,1810.4603271484373,7237735.0
2020-06-01,HDFCBANK.NS,935.9791113494056,955.1786828642652,927.435278588316,948.1228637695312,19595115.0
2020-06-01,SBIN.NS,154.36406294571165,161.32926491909456,153.75225990454553,160.05859375,92740893.0
2020-06-01,TCS.NS,1826.6614878176183,1890.915912012208,1818.4919743312848,1877.3765869140625,3747773.0
2020-06-02,HDFCBANK.NS,947.2108559218924,964.7784518338108,936.1711024929482,960.9385375976562,20811797.0
2020-06-02,SBIN.NS,159.9174001820894,161.2351508141398,157.3760434547576,160.24684143066406,70419104.0
2020-06-02,TCS.NS,1891.0993984140705,1910.1921858901,1872.603393607016,1879.12060546875,2443886.0
2020-06-03,HDFCBANK.NS,979.1781828915996,1004.377621421898,974.8102919315032,981.338134765625,25273044.0
2020-06-03,SBIN.NS,162.3646460737276,169.32984833430982,161.89402391119506,164.62362670898438,113168889.0
2020-06-03,TCS.NS,1888.9714706967775,1899.9267427495936,1859.64967673128,1883.723876953125,3699799.0
2020-06-04,HDFCBANK.NS,986.906004863584,997.3696774131216,951.4347267828798,961.6105346679688,27137941.0
2020-06-04,SBIN.NS,164.6236269409428,167.21204883851894,161.42340197611176,163.82357788085938,83494674.0
2020-06-04,TCS.NS,1884.2763777185887,1933.2993248853245,1884.2763777185887,1925.5201416015625,4048593.0
2020-06-05,HDFCBANK.NS,962.9544243535854,1000.6816268432964,962.6664425177544,991.9937744140624,17597992.0
2020-06-05,SBIN.NS,166.1767017878653,178.6481900950262,165.65901449511813,176.7657012939453,201321234.0
2020-06-05,TCS.NS,1925.5660119136144,1931.4578812276868,1878.338231352868,1885.6571044921875,3573289.0
2020-06-08,HDFCBANK.NS,1017.5772798543856,1023.9611607545996,966.1224521591027,975.2422485351562,24906332.0
2020-06-08,SBIN.NS,185.42512104720385,185.8957431818414,174.88318810377172,175.82443237304688,151741826.0
2020-06-08,TCS.NS,1913.2754020999332,1928.695762011,1898.4075031943096,1907.2913818359373,2957841.0
2020-06-09,HDFCBANK.NS,979.1781773441924,985.6580329295584,940.3470310437696,947.786865234375,30922073.0
2020-06-09,SBIN.NS,176.67156246259208,179.77767170481087,172.57715813797333,173.61251831054688,96654191.0
2020-06-09,TCS.NS,1899.328014704758,1929.1559625901236,1896.704162217276,1907.5675048828125,2909439.0
2020-06-10,HDFCBANK.NS,950.3788481194698,959.8346142319627,939.0511119512825,952.15478515625,18248865.0
2020-06-10,SBIN.NS,173.70664072626235,177.89517504400214,173.00070749196075,176.6715545654297,67333317.0
2020-06-10,TCS.NS,1912.1706867568223,1962.7586280194128,1908.9024461530269,1941.354248046875,5168397.0
2020-06-11,HDFCBANK.NS,945.5788768195074,948.8428273439828,926.3793057165732,929.835205078125,15448857.0
2020-06-11,SBIN.NS,176.95394731062004,179.2129281271323,165.98845578866502,166.74143981933594,91726802.0
2020-06-11,TCS.NS,1933.2989455542704,1937.9020382817807,1898.1313620681703,1903.516845703125,2269513.0
2020-06-12,HDFCBANK.NS,890.860175925337,947.162946472252,890.860175925337,943.4190063476562,21322438.0
2020-06-12,SBIN.NS,160.0115511975616,169.42399538565346,159.82330518624977,168.62393188476562,92758901.0
2020-06-12,TCS.NS,1851.548132546233,1886.5316402754177,1851.3640537734243,1877.6016845703125,2842642.0
2020-06-15,HDFCBANK.NS,929.2592670177792,935.0191385075588,905.2598024770308,911.8356323242188,16004968.0
2020-06-15,SBIN.NS,167.40031329251875,167.40031329251875,161.89402810340454,163.494140625,63613412.0
2020-06-15,TCS.NS,1877.233440454641,1895.553773809168,1842.11181697286,1868.7637939453125,2399022.0
2020-06-16,HDFCBANK.NS,935.9791236845612,954.170729653124,913.8996161514896,950.7628173828124,22699985.0
2020-06-16,SBIN.NS,167.54148634554548,168.4356655631423,159.4467795749625,162.7411346435547,63925976.0
2020-06-16,TCS.NS,1901.0775670357416,1909.317059238607,1869.7765320337005,1883.4017333984373,2146528.0
2020-06-17,HDFCBANK.NS,949.4188121165552,958.9226234604624,934.2991495373482,940.0590209960938,18478919.0
2020-06-17,SBIN.NS,160.9527843915863,165.84725215560582,159.3056067735438,162.7882080078125,73866905.0
2020-06-17,TCS.NS,1883.585761396716,1895.4158009753423,1865.6797735730577,1885.242919921875,2703527.0
2020-06-18,HDFCBANK.NS,940.779031074461,983.8820937922992,933.0992022493634,979.1301879882812,20435063.0
2020-06-18,SBIN.NS,162.27053649294126,170.03580316035536,161.04693020484603,169.0945587158203,58261857.0
2020-06-18,TCS.NS,1882.6650349497477,1895.7377741034309,1864.436741737518,1876.312744140625,1944389.0
2020-06-19,HDFCBANK.NS,977.2101404478284,1001.2575905149588,971.6422767828196,991.9937744140624,23938876.0
2020-06-19,SBIN.NS,169.70635315866986,174.08313348604403,168.95335483292578,173.65957641601562,76895151.0
2020-06-19,TCS.NS,1879.903288978811,1924.092984312299,1870.6971024510008,1882.296875,5681758.0
2020-06-22,HDFCBANK.NS,997.8496655948396,1004.089526224064,982.8260363122492,987.5779418945312,14847237.0
2020-06-22,SBIN.NS,174.1301977943936,180.483596903108,173.42426456009204,176.6715545654297,80023958.0
2020-06-22,TCS.NS,1887.268068206484,1889.3394599886617,1858.8670078024404,1866.9683837890625,3196138.0
2020-06-23,HDFCBANK.NS,997.4177172583264,1003.1775885803188,975.8661870100506,1000.585693359375,14415256.0
2020-06-23,SBIN.NS,178.45993354771397,181.75428875504443,176.81275594404875,181.14247131347656,65487085.0
2020-06-23,TCS.NS,1866.093927984215,1881.7444444004616,1850.4434115679685,1873.735107421875,4205944.0
2020-06-24,HDFCBANK.NS,1006.5375133006394,1015.1773202817608,988.8259558632934,991.1778564453124,19714623.0
2020-06-24,SBIN.NS,183.3543971142491,183.44851292926228,173.0948253694071,173.7537078857422,74668987.0
2020-06-24,TCS.NS,1872.5381310438163,1900.38684218643,1870.328624047372,1880.087158203125,2560937.0
2020-06-25,HDFCBANK.NS,981.0021122068636,1007.0175077009608,966.6984082505884,987.5779418945312,35323395.0
2020-06-25,SBIN.NS,171.494711005281,175.82444059122076,169.80046836894593,174.36550903320312,73620385.0
2020-06-25,TCS.NS,1873.458425888134,1896.4738856656293,1849.7525023173137,1856.0587158203125,3043931.0
2020-06-26,HDFCBANK.NS,999.3377496609254,1020.4572794328182,986.8580275229888,1014.1693725585938,19984569.0
2020-06-26,SBIN.NS,176.95393284116165,177.518685180235,173.00070955439392,173.7537078857422,49176958.0
2020-06-26,TCS.NS,1864.2530355544136,1962.759245334326,1859.6038657482256,1950.6531982421875,6300722.0
2020-06-29,HDFCBANK.NS,995.4977753833748,1039.2727746633527,995.4977753833748,1032.9849853515625,23002978.0
2020-06-29,SBIN.NS,172.24771437385593,172.34184455283952,168.01211484007257,168.71804809570312,50966428.0
2020-06-29,TCS.NS,1940.6640111854083,1958.708225671748,1925.2897254985908,1934.8179931640625,3076341.0
2020-06-30,HDFCBANK.NS,1031.0169638626742,1035.3849131440527,1014.0253903824656,1023.193115234375,17873065.0
2020-06-30,SBIN.NS,170.45937909220328,172.15360764671598,166.83558214141055,167.96507263183594,43613239.0
2020-06-30,TCS.NS,1933.299345276524,1944.2546183289176,1910.3299527692536,1916.8662109375,3071725.0
2020-07-01,HDFCBANK.NS,1023.1931505690462,1052.1365283206846,1018.825318321712,1041.1927490234375,17423359.0
2020-07-01,SBIN.NS,168.90630745828673,174.50670885704255,168.10625832260732,173.9419708251953,54012853.0
2020-07-01,TCS.NS,1914.6102520743,1946.1414357417293,1914.4261733261276,1925.97998046875,2503466.0
2020-07-02,HDFCBANK.NS,1046.664785485613,1066.7762916465206,1041.768800545438,1045.80078125,18477248.0
2020-07-02,SBIN.NS,174.74201798113927,176.9539480770017,173.1889704583421,174.55377197265625,52127276.0
2020-07-02,TCS.NS,1935.139970003461,1993.1389319969044,1931.4574962260997,1985.9119873046875,3758699.0
2020-07-03,HDFCBANK.NS,1049.256633762221,1051.9446207775625,1027.177125457984,1030.968994140625,13798627.0
2020-07-03,SBIN.NS,175.68326307936118,175.87152345083723,172.62421875212385,173.84783935546875,38048810.0
2020-07-03,TCS.NS,1991.896305263041,2029.9639735371595,1988.7662919880493,2025.03857421875,4185208.0
2020-07-06,HDFCBANK.NS,1063.608292730743,1075.0801078481018,1055.9765093778333,1058.8564453125,17779108.0
2020-07-06,SBIN.NS,175.6362056127191,178.69524982263556,175.21263415539275,177.00100708007812,43773740.0
2020-07-06,TCS.NS,2029.9637505316844,2089.711800042278,2029.9637505316844,2083.543701171875,5190366.0
2020-07-07,HDFCBANK.NS,1065.0003193482664,1067.2081998941871,1049.3046921288994,1060.92041015625,12174925.0
2020-07-07,SBIN.NS,176.01269529590803,178.08343001517477,173.23602730673792,177.51869201660156,55124494.0
2020-07-07,TCS.NS,2094.407158475764,2119.908246837876,2054.9585645097704,2089.7119140625,5630055.0
2020-07-08,HDFCBANK.NS,1062.6962048208732,1079.879843493886,1060.7762478112602,1065.912109375,15028175.0
2020-07-08,SBIN.NS,177.80105330574125,185.8486954311449,177.33043112720594,180.62478637695312,143063102.0
2020-07-08,TCS.NS,2089.804197867794,2093.854829756858,2032.3576877953228,2042.760498046875,2793358.0
2020-07-09,HDFCBANK.NS,1073.2560521898215,1084.4877546992495,1062.9362824572274,1079.9278564453125,10057242.0
2020-07-09,SBIN.NS,181.47192138270168,189.19012251328112,181.23661028504836,187.4017639160156,89539723.0
2020-07-09,TCS.NS,2052.0587580509864,2066.3283456462264,2017.1213288585889,2029.3656005859373,3443998.0
2020-07-10,HDFCBANK.NS,1073.1600872568536,1075.1760188552298,1055.5445035991938,1060.872314453125,8781489.0
2020-07-10,SBIN.NS,186.3663873850696,190.6019870983666,183.3544082391749,184.1074066162109,111406477.0
2020-07-10,TCS.NS,2030.194221268505,2071.2539018170733,2003.26612650732,2045.9368896484373,9610320.0
2020-07-13,HDFCBANK.NS,1065.4802336160078,1068.4561437330044,1028.4250844131875,1037.016845703125,14961057.0
2020-07-13,SBIN.NS,187.11938892274915,188.06063331938043,180.34243213945385,181.37779235839844,61949761.0
2020-07-13,TCS.NS,2043.7735595703125,2066.74295169538,2034.567372365041,2043.7735595703125,2963503.0
2020-07-14,HDFCBANK.NS,1020.0731861724596,1026.1210979255195,1007.9774798512216,1016.4732666015624,13306337.0
2020-07-14,SBIN.NS,181.00129222985265,181.00129222985265,173.75371357317087,175.11851501464844,62239932.0
2020-07-14,TCS.NS,2034.5669332229652,2061.264870355755,1993.1390997410497,1999.537353515625,2976738.0
2020-07-15,HDFCBANK.NS,1027.3690293198724,1035.816887696822,1008.0734833011442,1011.00146484375,10487197.0
2020-07-15,SBIN.NS,176.90685992970327,178.78934849370597,172.2477036062462,173.00070190429688,58527305.0
2020-07-15,TCS.NS,2011.5516640666824,2080.5980598584447,2007.961341389672,2056.56982421875,5569321.0
2020-07-16,HDFCBANK.NS,1011.4814964345736,1022.8572196449846,992.7138675389756,1020.0253295898438,11831228.0
2020-07-16,SBIN.NS,174.13020724098155,175.965630877288,170.97703287847492,175.3067626953125,46546803.0
2020-07-16,TCS.NS,2070.501863760628,2152.6206988206523,2048.449817260436,2061.967041015625,8582118.0
2020-07-17,HDFCBANK.NS,1016.6654594615204,1059.8164538942149,1015.9454754575162,1054.488525390625,14202869.0
2020-07-17,SBIN.NS,175.82444506924517,178.36580190734867,174.13020238975992,177.14218139648438,47035238.0
2020-07-17,TCS.NS,2064.0434761675706,2070.409903712859,2020.7235206813416,2030.59619140625,4509135.0
2020-07-20,HDFCBANK.NS,1089.5757689174231,1106.7594102078133,1079.160023990742,1087.703857421875,32562048.0
2020-07-20,SBIN.NS,178.8364251413008,181.89546925555987,177.6598697127396,179.5423583984375,45672856.0
2020-07-20,TCS.NS,2030.8271749901971,2054.724596848117,2021.415844675151,2037.193603515625,2952646.0
2020-07-21,HDFCBANK.NS,1105.9433532118312,1111.6071330001369,1088.61569323133,1092.983642578125,23756211.0
2020-07-21,SBIN.NS,181.14246646358416,184.67213266264952,180.24828723227063,182.97789001464844,59281860.0
2020-07-21,TCS.NS,2057.584817757237,2065.565942303239,2030.965300749025,2053.017578125,2665286.0
2020-07-22,HDFCBANK.NS,1092.93561377466,1098.6954852570034,1072.8241093894317,1081.2718505859375,12359006.0
2020-07-22,SBIN.NS,184.20150356739515,185.18981293837228,178.93054419259715,180.71890258789065,62276152.0
2020-07-22,TCS.NS,2058.5074850144265,2058.5074850144265,2015.3258396483411,2021.553955078125,2861534.0
2020-07-23,HDFCBANK.NS,1079.9758823667255,1098.1195006274631,1071.5760699483178,1085.1597900390625,10074561.0
2020-07-23,SBIN.NS,181.09539960858424,187.40174797919556,179.91884422037293,186.6016845703125,70801412.0
2020-07-23,TCS.NS,2021.554183220028,2021.554183220028,1995.7652140643984,2003.3311767578125,2265766.0
2020-07-24,HDFCBANK.NS,1077.9599772180209,1077.9599772180209,1057.1764174025957,1074.31201171875,9799220.0
2020-07-24,SBIN.NS,184.20152624186852,184.76627862687369,179.44823914853302,180.6718597412109,65265493.0
2020-07-24,TCS.NS,1987.9223294359556,1995.7651420607897,1960.7955146982545,1990.5980224609373,3665100.0
2020-07-27,HDFCBANK.NS,1055.8324156262468,1058.856371584067,1032.3129404641347,1036.296875,18985047.0
2020-07-27,SBIN.NS,181.66015467349453,181.84840066599145,175.54206656272916,176.15386962890625,50697767.0
2020-07-27,TCS.NS,1997.6102424667715,2043.7444282050344,1996.226216894624,2036.178466796875,4248480.0
2020-07-28,HDFCBANK.NS,1035.816906892364,1050.6006007335511,1017.0973242376826,1043.1607666015625,17798225.0
2020-07-28,SBIN.NS,176.95393939735635,179.30705029359777,174.83613959073904,178.31874084472656,51488617.0
2020-07-28,TCS.NS,2043.744419567357,2140.6262092082475,2043.744419567357,2131.168701171875,8092319.0
2020-07-29,HDFCBANK.NS,1037.736898051794,1044.936737770007,1013.3054888152805,1021.9932250976562,16796043.0
2020-07-29,SBIN.NS,176.57745588788325,183.77796983164976,176.01270350073497,179.96592712402344,73763368.0
2020-07-29,TCS.NS,2114.791469982787,2160.92566435414,2072.3941904084386,2100.07470703125,6090431.0
2020-07-30,HDFCBANK.NS,1031.0169151003408,1040.2807311171282,1004.8094550213256,1008.6014404296876,13478133.0
2020-07-30,SBIN.NS,181.1895587760284,182.1308032372025,175.1185348739051,175.5891571044922,48472816.0
2020-07-30,TCS.NS,2109.1628989679666,2175.688493913139,2096.568354662481,2103.2578125,7098496.0
2020-07-31,HDFCBANK.NS,1015.3693157129144,1015.3693157129144,979.2261566721098,991.4659423828124,18863348.0
2020-07-31,SBIN.NS,176.9539277016326,183.4014568760861,175.73030724401212,180.2012176513672,145892485.0
2020-07-31,TCS.NS,2125.0783755376087,2154.281442957623,2082.911785382253,2105.010009765625,4723290.0
2020-08-03,HDFCBANK.NS,984.890000223013,985.8499788253786,953.2587521490224,961.8985595703124,15891771.0
2020-08-03,SBIN.NS,180.71892778771127,183.16616901306992,178.8835040498174,180.9542388916016,72454278.0
2020-08-03,TCS.NS,2113.360647887778,2125.724743528253,2058.230301709863,2079.8671875,4012337.0
2020-08-04,HDFCBANK.NS,967.6584276678484,1018.5853392122192,962.858534673464,999.9617309570312,30153084.0
2020-08-04,SBIN.NS,181.9896000912795,182.4131571746397,179.307047959583,180.3424224853516,43866676.0
2020-08-04,TCS.NS,2085.2189825333376,2094.1689693694407,2053.0174115127,2075.761474609375,2927928.0
2020-08-05,HDFCBANK.NS,1006.0094322022568,1013.5453572500752,979.178079734464,986.4259643554688,16610680.0
2020-08-05,SBIN.NS,181.4248381089877,185.2839454686566,179.77766059048844,180.2012176513672,68888892.0
2020-08-05,TCS.NS,2085.265541152633,2122.1728958633,2078.8067540782667,2084.80419921875,3800641.0
2020-08-06,HDFCBANK.NS,995.4978086694676,1012.7774234776164,985.1780387146008,999.0496826171876,16823444.0
2020-08-06,SBIN.NS,181.00129169875683,183.0720263999829,179.07173790538175,179.73060607910156,59740172.0
2020-08-06,TCS.NS,2099.1055617011166,2140.164989171754,2090.2017534902866,2129.646484375,4748047.0
2020-08-07,HDFCBANK.NS,993.4338617640674,1005.2895744069392,979.7541662873172,1002.0736694335938,12418392.0
2020-08-07,SBIN.NS,180.2012252700245,180.81304270582564,178.41286677637245,179.44822692871094,44822338.0
2020-08-07,TCS.NS,2129.553693066209,2148.0073645832467,2110.1773379733186,2117.8818359375,3165491.0
2020-08-10,HDFCBANK.NS,1002.2175599299402,1021.4171300435404,1002.0256111027546,1008.6014404296876,11086427.0
2020-08-10,SBIN.NS,180.5777385778372,184.0132747919691,180.43654330463696,182.4131622314453,48784530.0
2020-08-10,TCS.NS,2138.7809128835725,2145.239699074334,2100.074374978998,2106.302490234375,2929353.0
2020-08-11,HDFCBANK.NS,1006.537546877162,1028.1370650504916,1006.537546877162,1023.961181640625,10068074.0
2020-08-11,SBIN.NS,183.5426413327224,185.2368839713203,182.36608593956396,183.58970642089844,43890305.0
2020-08-11,TCS.NS,2106.486874402338,2133.244701541045,2099.659105169325,2103.62646484375,2774423.0
2020-08-12,HDFCBANK.NS,1022.3771693962356,1023.337147959049,1006.0575338284084,1021.129150390625,10333216.0
2020-08-12,SBIN.NS,184.48389379672815,192.24915973460065,183.16615744307973,191.35498046875,157818228.0
2020-08-12,TCS.NS,2111.423509564797,2118.850933752206,2072.8552826632163,2082.8203125,3415751.0
2020-08-13,HDFCBANK.NS,1025.2090597029166,1028.473010254797,1014.2173520281502,1016.6653442382812,9946370.0
2020-08-13,SBIN.NS,193.4257169023705,195.1199596308995,188.9548061710505,190.0372314453125,70443118.0
2020-08-13,TCS.NS,2097.260361479093,2122.172825077833,2076.49997514681,2080.14453125,2695682.0
2020-08-14,HDFCBANK.NS,1023.2411387368728,1023.2411387368728,986.1859909095872,993.0497436523438,10462256.0
2020-08-14,SBIN.NS,191.0726017842766,192.0138461280415,183.1661550415509,184.9545135498047,56169088.0
2020-08-14,TCS.NS,2100.951030973298,2104.918616400916,2060.445301904906,2068.79541015625,2270405.0
2020-08-17,HDFCBANK.NS,1005.0975410056964,1005.0975410056964,979.370127605796,991.4178466796876,9780506.0
2020-08-17,SBIN.NS,186.7899363191837,186.97818231465197,180.24829103148303,181.75428771972656,54787889.0
2020-08-17,TCS.NS,2088.03363667271,2094.4924238829217,2065.197210465176,2079.17578125,2625630.0
2020-08-18,HDFCBANK.NS,986.8580166861394,1019.1613205331256,981.0981449934188,1014.2174072265624,12020412.0
2020-08-18,SBIN.NS,182.413159248676,184.2485828722718,180.4365403541888,183.63677978515625,46294169.0
2020-08-18,TCS.NS,2087.8491108916724,2112.0233832883578,2074.470194745896,2094.26171875,3493374.0
2020-08-19,HDFCBANK.NS,1022.3772046561596,1026.9851487905366,1013.9773919418484,1023.9131469726562,8857812.0
2020-08-19,SBIN.NS,184.86039626165595,188.53125807567372,184.38977405695493,185.4722137451172,59296062.0
2020-08-19,TCS.NS,2100.351177308368,2107.963318002646,2078.3450804681665,2082.128173828125,2843005.0
2020-08-20,HDFCBANK.NS,1012.7294102745224,1026.1691111134992,1009.8975201859804,1016.6173706054688,9608367.0
2020-08-20,SBIN.NS,182.60140924612887,184.8133392782884,181.89547596296083,183.30734252929688,37504602.0
2020-08-20,TCS.NS,2082.4970158243564,2100.535526388729,2066.8575728762844,2078.66796875,2895164.0
2020-08-21,HDFCBANK.NS,1022.7612387317192,1045.2247617349606,1021.9932089666092,1042.2008056640625,14462151.0
2020-08-21,SBIN.NS,187.3076265029792,189.66073738869505,186.03694087979304,186.7428741455078,68041871.0
2020-08-21,TCS.NS,2085.265331099015,2095.414852622064,2067.780518619046,2074.746826171875,1975294.0
2020-08-24,HDFCBANK.NS,1042.5367345239372,1078.0078960667968,1042.200765458996,1072.3441162109375,18389870.0
2020-08-24,SBIN.NS,188.2488613474075,190.8843482787209,186.931125062875,189.61366271972656,53850253.0
2020-08-24,TCS.NS,2076.5925985586305,2085.2195583763137,2057.58521898591,2074.285888671875,2167966.0
2020-08-25,HDFCBANK.NS,1074.216001339645,1081.8958297674526,1061.928228981199,1074.887939453125,13800869.0
2020-08-25,SBIN.NS,192.0138533223473,196.20238793658584,190.79023275715696,195.7317657470703,105394375.0
2020-08-25,TCS.NS,2071.424988683736,2076.0384073667733,2060.8603049524977,2069.256591796875,1663419.0
2020-08-26,HDFCBANK.NS,1076.135980516772,1086.4557501782842,1065.0962269253866,1073.68798828125,12595031.0
2020-08-26,SBIN.NS,196.2494559262052,197.9907637980282,194.03752585791645,197.5201416015625,66749637.0
2020-08-26,TCS.NS,2068.6569591832845,2085.172908136049,2045.082344412645,2079.267822265625,2618149.0
2020-08-27,HDFCBANK.NS,1080.7439400377864,1084.679828807215,1061.9763117893845,1067.5921630859375,10322998.0
2020-08-27,SBIN.NS,198.1319220173613,203.7793877280699,198.1319220173613,202.9793243408203,80997993.0
2020-08-27,TCS.NS,2090.8018276017906,2110.501220010954,2068.4267418474465,2074.5625,3579393.0
2020-08-28,HDFCBANK.NS,1067.4482477232714,1079.9760163873234,1051.176655950328,1069.896240234375,19348305.0
2020-08-28,SBIN.NS,204.2500349150401,212.6271043348584,204.061788907384,211.6388092041016,95974037.0
2020-08-28,TCS.NS,2093.0158533765143,2103.672896378306,2062.2906628784604,2065.473876953125,2941136.0
2020-08-31,HDFCBANK.NS,1084.2957469404748,1102.8233793973843,1056.6483184712283,1071.1920166015625,19250583.0
2020-08-31,SBIN.NS,217.9451217657671,217.9451217657671,197.99074536575583,199.54379272460935,119986476.0
2020-08-31,TCS.NS,2066.811731642485,2100.2128404670016,2055.739525937258,2082.72802734375,6018154.0
2020-09-01,HDFCBANK.NS,1082.8557759840396,1097.8314175340772,1063.6562054878686,1082.183837890625,14438942.0
2020-09-01,SBIN.NS,200.57917859682112,206.03838438783436,198.79080569782616,205.285400390625,75048313.0
2020-09-01,TCS.NS,2093.5691037435945,2101.8732562044547,2068.01081288919,2072.67041015625,3610908.0
2020-09-02,HDFCBANK.NS,1079.1118127172551,1093.4155158612832,1075.847862367261,1088.7596435546875,9880841.0
2020-09-02,SBIN.NS,205.42658666709943,206.13251995461525,199.82618545859063,203.54409790039065,47608088.0
2020-09-02,TCS.NS,2073.270227032522,2093.3385970538648,2068.333779243283,2090.016845703125,2084137.0
2020-09-03,HDFCBANK.NS,1091.7354881349795,1100.0872537444563,1082.8556875060517,1085.6396484375,9916681.0
2020-09-03,SBIN.NS,204.7206548028713,205.42658809529505,199.8261868478503,200.6262359619141,38594129.0
2020-09-03,TCS.NS,2092.646644905822,2144.3169324343608,2092.646644905822,2121.711181640625,4654146.0
2020-09-04,HDFCBANK.NS,1065.5761810108638,1080.3598739861889,1060.200324615713,1074.5040283203125,11830685.0
2020-09-04,SBIN.NS,197.66131515986496,199.8261800554943,193.80220754755845,194.46109008789065,54435758.0
2020-09-04,TCS.NS,2099.1055421776705,2144.547717101737,2087.9871578793723,2111.838623046875,5231303.0
2020-09-07,HDFCBANK.NS,1071.6240746644316,1074.6959590714346,1055.0163993028198,1066.05615234375,8807733.0
2020-09-07,SBIN.NS,195.30820039201657,197.3318699764801,193.33158153471592,195.6846923828125,35687359.0
2020-09-07,TCS.NS,2112.022944423689,2162.309205005205,2106.8098717352864,2147.131103515625,4620401.0
2020-09-08,HDFCBANK.NS,1069.4162364660451,1074.024180947757,1058.8564711149445,1067.92822265625,7312459.0
2020-09-08,SBIN.NS,195.6847107740232,196.24946317554355,190.97848863552093,192.06092834472656,34146789.0
2020-09-08,TCS.NS,2155.343362713393,2205.629634133272,2147.1315662937927,2166.646240234375,7453998.0
2020-09-09,HDFCBANK.NS,1056.9364810218235,1065.5762887685962,1047.5766892961535,1052.6165771484375,7864436.0
2020-09-09,SBIN.NS,189.284251400041,189.56661322549024,181.18954395134105,183.40147399902344,72715826.0
2020-09-09,TCS.NS,2145.239792537361,2176.6110411164022,2140.6263736286787,2147.684814453125,3866535.0
2020-09-10,HDFCBANK.NS,1058.8564727205242,1060.632409822559,1040.6168779955103,1046.90478515625,7594044.0
2020-09-10,SBIN.NS,186.0839960362177,189.6136621763669,183.73088527611824,186.50755310058597,67789617.0
2020-09-10,TCS.NS,2154.4667294695755,2166.922961096059,2144.594057603728,2150.914306640625,2308813.0
2020-09-11,HDFCBANK.NS,1052.5686301606938,1060.6324749183832,1028.137218390365,1035.4810791015625,10397365.0
2020-09-11,SBIN.NS,186.88406395668795,191.8726617611269,185.42513237771308,190.79022216796875,48487971.0
2020-09-11,TCS.NS,2150.729520312827,2198.7552518357597,2149.9913283016795,2190.54345703125,4145424.0
2020-09-14,HDFCBANK.NS,1044.4567177963163,1050.216589401811,1010.2334572366932,1015.6093139648438,10825295.0
2020-09-14,SBIN.NS,193.80220814012176,194.0845843208062,185.75458034523467,186.8370056152344,63605531.0
2020-09-14,TCS.NS,2199.7706188799248,2312.0150171870537,2197.6945802532978,2298.7744140625,7512131.0
2020-09-15,HDFCBANK.NS,1025.257157961379,1033.0810070887926,1015.7533462623996,1027.6571044921875,8252555.0
2020-09-15,SBIN.NS,188.1547493254171,189.1901239076224,185.51927650207588,188.3900604248047,51761038.0
2020-09-15,TCS.NS,2298.7744140625,2341.771570835376,2274.0466675214725,2298.7744140625,7318770.0
2020-09-16,HDFCBANK.NS,1027.369046841196,1052.1365414986035,1025.5931098750964,1049.880615234375,9355056.0
2020-09-16,SBIN.NS,188.10768825276088,188.29593424947083,184.71920286298612,186.55462646484372,52404964.0
2020-09-16,TCS.NS,2296.513786688834,2313.7219746256656,2285.764610582097,2309.4775390625,3074003.0
2020-09-17,HDFCBANK.NS,1040.6168029631228,1050.2165889683176,1034.856931360006,1040.2327880859375,9159343.0
2020-09-17,SBIN.NS,185.42513336900092,186.36637770082328,183.54264470535625,183.96620178222656,41223296.0
2020-09-17,TCS.NS,2288.2553907713364,2302.787657869985,2261.128582293016,2270.67822265625,4828176.0
2020-09-18,HDFCBANK.NS,1048.2966228792984,1048.4885717238196,1005.2895350667058,1014.9854125976562,11740889.0
2020-09-18,SBIN.NS,184.483901344247,185.61339174533327,178.55405878573197,181.2836761474609,55286316.0
2020-09-18,TCS.NS,2292.8689534110827,2307.0781920306185,2248.0264362888443,2260.482666015625,4183256.0
2020-09-21,HDFCBANK.NS,1012.777372867376,1028.4729987634628,999.8176624088836,1007.3055419921876,9921439.0
2020-09-21,SBIN.NS,181.70723100505748,182.13078810494463,173.42427756246022,174.88320922851562,57611375.0
2020-09-21,TCS.NS,2274.4152885128537,2311.230277519261,2262.558713028773,2274.692138671875,4598809.0
2020-09-22,HDFCBANK.NS,1011.8654771228688,1015.8013658950092,988.2979559235872,993.9618530273438,9310339.0
2020-09-22,SBIN.NS,175.21263949734484,177.2363235767996,170.50641749244974,175.25970458984375,51210889.0
2020-09-22,TCS.NS,2292.869445654312,2357.4573173628846,2267.9569808524343,2327.88525390625,7499613.0
2020-09-23,HDFCBANK.NS,1004.1375512409734,1012.777358087215,992.9537778308068,1005.3375244140624,8039914.0
2020-09-23,SBIN.NS,177.09510591365395,177.84810421170462,170.3652150422435,173.00070190429688,44320497.0
2020-09-23,TCS.NS,2315.935768192803,2325.0242914925248,2222.7447273213,2276.675537109375,7502280.0
2020-09-24,HDFCBANK.NS,996.4578013341252,1005.0976088601436,983.9780793520986,989.1619873046876,9904755.0
2020-09-24,SBIN.NS,170.4593441494399,171.11821227027124,165.1883704582932,165.98843383789062,46114798.0
2020-09-24,TCS.NS,2260.574955489937,2260.574955489937,2124.571474804246,2151.928955078125,8424708.0
2020-09-25,HDFCBANK.NS,1007.977461540836,1009.8493728097455,984.6020076554124,1002.2175903320312,10160772.0
2020-09-25,SBIN.NS,168.48275635373224,172.0124230371205,165.80020392945698,171.49473571777344,46550127.0
2020-09-25,TCS.NS,2184.915074078229,2251.3483026819586,2170.244492867405,2235.016845703125,8228267.0
2020-09-28,HDFCBANK.NS,1006.9693902709528,1016.6172209699716,1000.9215960945204,1012.00927734375,8076211.0
2020-09-28,SBIN.NS,173.18895702081943,177.09511525220472,172.57715395015623,176.2480010986328,41921548.0
2020-09-28,TCS.NS,2251.348486761839,2255.0392219860387,2183.069885114144,2238.707763671875,4347166.0
2020-09-29,HDFCBANK.NS,1015.6573799947384,1027.081149010107,1008.9375296545084,1020.0253295898438,6322223.0
2020-09-29,SBIN.NS,177.42456687262114,177.8481239741377,172.48303384301232,174.17727661132812,35688726.0
2020-09-29,TCS.NS,2246.5972866484917,2316.9057642464622,2238.708293187881,2296.0068359375,6995811.0
2020-09-30,HDFCBANK.NS,1017.5772833775336,1043.4007303266385,1009.897454823741,1035.432861328125,9406921.0
2020-09-30,SBIN.NS,174.17727169973037,175.82444932981815,171.682965528248,174.50669860839844,37641083.0
2020-09-30,TCS.NS,2296.559591107808,2311.322529419469,2269.8017654179216,2299.6044921875,3917166.0
2020-10-01,HDFCBANK.NS,1046.4724582555116,1065.5760523609376,1046.4724582555116,1062.6480712890625,10601540.0
2020-10-01,SBIN.NS,176.01269566510078,179.96591911240188,175.91856548401657,179.11880493164062,43588724.0
2020-10-01,TCS.NS,2315.9356547292577,2343.6161605626758,2299.604201340448,2328.345703125,2610337.0
2020-10-05,HDFCBANK.NS,1067.4962708496394,1086.6958440663595,1066.5362921888034,1069.752197265625,8470063.0
2020-10-05,SBIN.NS,180.71891038907285,182.4131530464201,176.05975385305427,177.6598663330078,41694686.0
2020-10-05,TCS.NS,2417.431584368684,2517.173794425004,2401.7921388280747,2496.597900390625,17412105.0
2020-10-06,HDFCBANK.NS,1089.6237871762696,1102.0554635188366,1081.1278825815434,1098.3115234375,9685995.0
2020-10-06,SBIN.NS,179.8718003122293,180.81304465847384,177.23631327029483,180.3424224853516,31098726.0
2020-10-06,TCS.NS,2524.4626210662877,2524.4626210662877,2445.2041807811847,2504.4404296875,9846367.0
2020-10-07,HDFCBANK.NS,1099.079502453802,1118.2310282991994,1092.071611928155,1115.735107421875,10624389.0
2020-10-07,SBIN.NS,181.23659273307612,181.801330695402,177.98930277239592,179.4952850341797,34578053.0
2020-10-07,TCS.NS,2529.9985408404496,2555.833682760046,2494.0138788810123,2524.416259765625,9656101.0
2020-10-08,HDFCBANK.NS,1132.774744741134,1154.8542524776135,1116.7910776601395,1144.1025390625,17530337.0
2020-10-08,SBIN.NS,180.10711010959844,184.29564454795565,179.35411176554294,180.248291015625,43351606.0
2020-10-08,TCS.NS,2583.51461072413,2661.942732835398,2583.51461072413,2607.2275390625,19839329.0
2020-10-09,HDFCBANK.NS,1152.934290539504,1187.4935198978906,1143.958514129234,1184.181640625,22486194.0
2020-10-09,SBIN.NS,180.71891564259772,187.1193801107229,179.35411420420502,186.6487579345703,64907230.0
2020-10-09,TCS.NS,2592.741018949833,2611.0563792429,2565.0605098507244,2595.462890625,7739245.0
2020-10-12,HDFCBANK.NS,1182.2616425928577,1193.0133555922766,1157.350128646748,1165.0780029296875,9610273.0
2020-10-12,SBIN.NS,187.96649766514025,193.8492749729016,185.66045183294764,187.02525329589844,69122798.0
2020-10-12,TCS.NS,2597.815910808442,2633.3392326220187,2584.2063264772664,2611.19482421875,4623203.0
2020-10-13,HDFCBANK.NS,1164.837831592079,1173.525565932391,1147.1742053282935,1150.486083984375,9176976.0
2020-10-13,SBIN.NS,186.9781908837421,188.2488765453228,183.63678481486215,184.20152282714844,34948525.0
2020-10-13,TCS.NS,2625.035188363271,2634.16966710271,2594.771117237133,2608.01171875,4209878.0
2020-10-14,HDFCBANK.NS,1147.702426761401,1165.7020249571185,1128.4548095501607,1163.0140380859375,11291459.0
2020-10-14,SBIN.NS,182.64847784021808,189.09599333278436,181.7072334446099,188.2959442138672,40548275.0
2020-10-14,TCS.NS,2633.447370300732,2633.447370300732,2582.993084330789,2603.425048828125,4395936.0
2020-10-15,HDFCBANK.NS,1165.6059464051575,1168.2939333064398,1117.4150685034476,1122.4549560546875,14123448.0
2020-10-15,SBIN.NS,189.19011778028263,190.60198433088172,180.7189184766879,181.51898193359372,49184123.0
2020-10-15,TCS.NS,2604.7220697023868,2620.2429144791618,2526.8861914188574,2539.48828125,6629355.0
2020-10-16,HDFCBANK.NS,1132.7747788184822,1155.3342765322402,1126.0549284356607,1151.350341796875,12911424.0
2020-10-16,SBIN.NS,182.60142009919343,185.1898422913212,180.3424392036912,184.4368438720703,36893126.0
2020-10-16,TCS.NS,2548.2911538547974,2568.259582167372,2530.8706977188267,2560.5224609375,5273773.0
2020-10-19,HDFCBANK.NS,1185.5736051853432,1185.5736051853432,1144.8704879347144,1155.38232421875,21179778.0
2020-10-19,SBIN.NS,184.67213121281284,192.57859205399572,184.53095031085803,192.0138397216797,60220779.0
2020-10-19,TCS.NS,2570.437543606186,2570.437543606186,2507.9836000518367,2512.5703125,3331194.0
2020-10-20,HDFCBANK.NS,1159.1740979841818,1178.277694547357,1157.6381557426696,1174.9656982421875,13705989.0
2020-10-20,SBIN.NS,189.1901208266123,192.3432952519556,188.9077446394958,191.1196746826172,39316753.0
2020-10-20,TCS.NS,2525.033211681955,2557.372078655322,2518.5005117058104,2538.005859375,3406273.0
2020-10-21,HDFCBANK.NS,1181.3496655172396,1200.933252788661,1172.805832368176,1196.8052978515625,17820376.0
2020-10-21,SBIN.NS,192.6727285144485,195.1199697337302,187.1664573144396,191.77854919433597,54515523.0
2020-10-21,TCS.NS,2538.005976490445,2547.272153841633,2467.6294047531774,2479.072998046875,4570143.0
2020-10-22,HDFCBANK.NS,1190.3254143118838,1199.973246084357,1174.053823968935,1183.941650390625,10956530.0
2020-10-22,SBIN.NS,190.03722975285248,192.5786010041373,189.2842457577672,191.35498046875,33721637.0
2020-10-22,TCS.NS,2465.7296865103194,2489.497339898172,2444.5102317838364,2475.134765625,5262294.0
2020-10-23,HDFCBANK.NS,1193.7333407812223,1198.485187784927,1181.9255576052112,1186.341552734375,7933115.0
2020-10-23,SBIN.NS,192.01385931411744,193.51985611246144,189.7078133859812,190.8843688964844,32707020.0
2020-10-23,TCS.NS,2490.5623596122964,2503.720281799411,2474.1612764383945,2489.6357421875,3499091.0
2020-10-26,HDFCBANK.NS,1180.5816053556491,1192.2932961735812,1156.390076861492,1162.43798828125,9785988.0
2020-10-26,SBIN.NS,190.79024306866933,192.01386369999187,184.1074162337158,185.1427764892578,45470123.0
2020-10-26,TCS.NS,2492.5549303849853,2511.087282106244,2474.5322635810603,2490.933349609375,2672752.0
2020-10-27,HDFCBANK.NS,1176.933687536226,1186.5334729158037,1149.9102682557386,1183.74951171875,12158890.0
2020-10-27,SBIN.NS,185.66045216892735,185.9428283526608,180.9542303142017,183.2132110595703,37794381.0
2020-10-27,TCS.NS,2501.63623978404,2518.685915684257,2431.537698349,2437.1435546875,3537502.0
2020-10-28,HDFCBANK.NS,1178.853816660196,1182.6937313724443,1153.414381691552,1161.190185546875,8285593.0
2020-10-28,SBIN.NS,183.542659432716,183.542659432716,177.94225808144972,179.25999450683594,46458319.0
2020-10-28,TCS.NS,2455.5373658900103,2461.0506969948256,2414.766179437497,2429.77734375,3569445.0
2020-10-29,HDFCBANK.NS,1152.5503832961365,1156.2462777884607,1131.3348778402274,1139.6866455078125,11530012.0
2020-10-29,SBIN.NS,178.22462568015615,179.49529695143931,174.97732114162886,177.61280822753906,44822673.0
2020-10-29,TCS.NS,2416.6194091734524,2460.170449139385,2409.438120668432,2439.46044921875,3105968.0
2020-10-30,HDFCBANK.NS,1135.222638673442,1151.302278783916,1129.270701575355,1136.1826171875,5761358.0
2020-10-30,SBIN.NS,178.2246386107756,180.71893060601056,175.2126449442086,178.13050842285156,41519686.0
2020-10-30,TCS.NS,2442.6568618752235,2478.099986758757,2429.220906037021,2469.297119140625,3427003.0
2020-11-02,HDFCBANK.NS,1146.5504371505588,1175.9738051825111,1130.374820899924,1166.614013671875,10963040.0
2020-11-02,SBIN.NS,180.9071785027525,185.66046579739177,178.88350870157203,184.53097534179688,52600119.0
2020-11-02,TCS.NS,2464.802536302864,2469.29672164288,2409.2518627315594,2413.468017578125,2571196.0
2020-11-03,HDFCBANK.NS,1177.365829055763,1200.6933583261457,1176.4538961652538,1198.00537109375,14082115.0
2020-11-03,SBIN.NS,186.36637325077268,193.7080817361316,185.9898812719331,192.7197723388672,69890201.0
2020-11-03,TCS.NS,2412.91260051472,2469.4362827848418,2410.179123420434,2440.340576171875,2879269.0
2020-11-04,HDFCBANK.NS,1201.8932404172524,1214.18101371081,1180.7737106335628,1207.0771484375,11702411.0
2020-11-04,SBIN.NS,191.54321513890068,196.7200587913034,186.41343657396945,194.8375701904297,117577856.0
2020-11-04,TCS.NS,2418.4723448377526,2522.114631408267,2418.4723448377526,2458.455810546875,4893928.0
2020-11-05,HDFCBANK.NS,1215.3330222906247,1224.9328091965538,1202.2292897270518,1218.4049072265625,10716964.0
2020-11-05,SBIN.NS,203.3087783016873,208.0150000216338,202.1322228717007,205.80307006835935,138023646.0
2020-11-05,TCS.NS,2487.968600335236,2511.1340435413363,2471.289481226843,2488.6171875,2816502.0
2020-11-06,HDFCBANK.NS,1215.5730207577872,1257.5720886023305,1214.853036737595,1255.316162109375,17852862.0
2020-11-06,SBIN.NS,206.1325242555232,208.81507654895387,204.2971005421363,206.32077026367188,73147085.0
2020-11-06,TCS.NS,2500.9411219314475,2514.145423890515,2484.5400342167677,2508.77099609375,3884421.0
2020-11-09,HDFCBANK.NS,1262.5638617653117,1292.0832049759697,1262.5638617653117,1286.8994140625,13144220.0
2020-11-09,SBIN.NS,209.42686719612,209.56804810326275,204.29708837769851,206.60313415527344,60359458.0
2020-11-09,TCS.NS,2530.685893264585,2542.639172060128,2497.327653397907,2526.51611328125,3646592.0
2020-11-10,HDFCBANK.NS,1302.6910266562877,1339.1702153172598,1297.459189893343,1337.874267578125,20758678.0
2020-11-10,SBIN.NS,209.99162595633507,221.19242828187944,209.89749577386857,218.08631896972656,135294550.0
2020-11-10,TCS.NS,2499.273373484713,2514.052881490758,2444.742054121025,2455.16650390625,4760020.0
2020-11-11,HDFCBANK.NS,1343.8741234170427,1358.1778286096487,1315.650727925336,1334.322265625,18058097.0
2020-11-11,SBIN.NS,219.0746363446769,225.2868551932283,214.3684142964561,220.4394378662109,107094861.0
2020-11-11,TCS.NS,2472.1695372661798,2495.196076574717,2449.4210285002523,2490.56298828125,3242441.0
2020-11-12,HDFCBANK.NS,1322.274438114389,1332.978222059317,1305.5707884138833,1316.802490234375,13526974.0
2020-11-12,SBIN.NS,219.49817049309212,219.6393657571172,212.3917730712864,213.4742126464844,58859905.0
2020-11-12,TCS.NS,2488.894880098671,2513.913555363996,2466.424403239999,2475.0419921875,2437505.0
2020-11-13,HDFCBANK.NS,1314.018731141456,1314.018731141456,1293.0911511603776,1304.4189453125,11236240.0
2020-11-13,SBIN.NS,211.7799715173701,217.09799616835127,207.16788010478004,215.968505859375,70676525.0
2020-11-13,TCS.NS,2460.86441932512,2469.3428789384243,2442.5637237469696,2461.8837890625,2548093.0
2020-11-14,HDFCBANK.NS,1313.0588247697915,1319.9225782670565,1310.5627865690856,1314.8826904296875,917533.0
2020-11-14,SBIN.NS,218.36869886411884,219.2158130717091,214.36841019958217,216.15676879882807,7753219.0
2020-11-14,TCS.NS,2481.4359579920374,2491.675129372996,2464.8495907595616,2474.393798828125,298819.0
2020-11-17,HDFCBANK.NS,1330.3383659723231,1356.0657216621396,1325.346407034381,1352.081787109375,15529950.0
2020-11-17,SBIN.NS,218.2275020640818,227.404634214662,217.4274386445164,226.08688354492188,80501583.0
2020-11-17,TCS.NS,2497.2349638159435,2497.2349638159435,2455.583539070776,2470.409423828125,2827273.0
2020-11-18,HDFCBANK.NS,1346.850067893869,1362.2097265441198,1343.0581990385465,1352.3218994140625,9431388.0
2020-11-18,SBIN.NS,225.333888603245,238.13481733534076,223.92202209730425,237.19357299804688,104514060.0
2020-11-18,TCS.NS,2465.729058409902,2468.694189033722,2415.738091741624,2433.899658203125,2893762.0
2020-11-19,HDFCBANK.NS,1334.0823290361725,1343.44212119644,1313.250838486767,1319.3466796875,10133441.0
2020-11-19,SBIN.NS,233.42859586809175,237.00532722561712,224.95739682449167,225.663330078125,82284278.0
2020-11-19,TCS.NS,2443.490457322284,2479.767443587757,2437.791849931152,2443.397705078125,4167501.0
2020-11-20,HDFCBANK.NS,1317.7146621209474,1352.0338974197866,1310.418848123766,1347.4739990234375,10202681.0
2020-11-20,SBIN.NS,227.31052031747836,230.9813676957179,220.2041222963868,228.4870758056641,84411129.0
2020-11-20,TCS.NS,2460.1696815200344,2479.6286507523964,2434.7340741255894,2465.034423828125,2711471.0
2020-11-23,HDFCBANK.NS,1358.3695958436222,1366.6734334177336,1320.3064243676365,1338.7860107421875,12623318.0
2020-11-23,SBIN.NS,229.19300952482132,231.687301419514,224.11029555130628,224.67503356933597,57538324.0
2020-11-23,TCS.NS,2492.6012391598606,2529.6659416008997,2469.435800134211,2524.337890625,3706418.0
2020-11-24,HDFCBANK.NS,1351.6498077447684,1387.169014340334,1345.9379822067317,1380.64111328125,20077200.0
2020-11-24,SBIN.NS,226.36925624089776,230.60485563002055,225.4280119322038,229.52243041992188,47636611.0
2020-11-24,TCS.NS,2533.743397770512,2541.7124006358304,2506.5009273495884,2522.2998046875,3120516.0
2020-11-25,HDFCBANK.NS,1393.2170450251504,1405.7927417533897,1341.0901580770462,1346.6580810546875,12076301.0
2020-11-25,SBIN.NS,231.02841201000612,235.21694629879883,227.40463004965116,228.7223663330078,74767232.0
2020-11-25,TCS.NS,2528.7395288997945,2532.3996233173634,2490.9334841021687,2503.072265625,3302249.0
2020-11-26,HDFCBANK.NS,1358.369571811423,1374.6892062430795,1331.4901739239883,1369.5533447265625,13971563.0
2020-11-26,SBIN.NS,229.6636408322838,231.78144079897493,226.03984403326777,231.0284423828125,64248318.0
2020-11-26,TCS.NS,2488.894752654848,2530.546166505842,2483.3350473250152,2520.955810546875,2341099.0
2020-11-27,HDFCBANK.NS,1374.497201797304,1388.1288490146476,1358.897551868889,1383.1849365234375,8997290.0
2020-11-27,SBIN.NS,231.02843142960776,231.78142981007008,227.82820626545484,229.89894104003903,54355703.0
2020-11-27,TCS.NS,2506.50108155672,2518.2690820550647,2473.189217788064,2483.01123046875,6086808.0
2020-12-01,HDFCBANK.NS,1383.1850233547973,1391.00887170856,1368.4493765497257,1375.937255859375,8573787.0
2020-12-01,SBIN.NS,230.60487918305657,234.3227917096804,229.89894587943496,233.4756774902344,37003272.0
2020-12-01,TCS.NS,2482.408800880797,2535.133257150817,2431.861760455484,2526.701171875,3605017.0
2020-12-02,HDFCBANK.NS,1373.729377929423,1374.4974076841213,1338.9781994497478,1350.641845703125,8946075.0
2020-12-02,SBIN.NS,233.75804308274607,236.11115398809983,229.7577545436446,232.44029235839844,56723083.0
2020-12-02,TCS.NS,2519.472798061686,2552.5529951450508,2504.1372343143325,2547.781005859375,2509032.0
2020-12-03,HDFCBANK.NS,1371.8093326710407,1374.6892682889645,1319.0585588100216,1322.0823974609375,18966611.0
2020-12-03,SBIN.NS,234.6522247796664,243.7822923143565,233.4286042237854,241.2409210205078,79266442.0
2020-12-03,TCS.NS,2570.343732962502,2570.343732962502,2502.60814156441,2510.623291015625,2852548.0
2020-12-04,HDFCBANK.NS,1325.7304840568995,1345.3620001076092,1318.338695502009,1330.1463623046875,13456161.0
2020-12-04,SBIN.NS,241.8997950979157,248.81794673374785,238.65250500115215,248.01788330078125,79252024.0
2020-12-04,TCS.NS,2511.874907940234,2537.866575547118,2500.940775569737,2527.395751953125,2686527.0
2020-12-07,HDFCBANK.NS,1319.97038510615,1324.7222316185837,1303.7467256631437,1317.3304443359375,12158159.0
2020-12-07,SBIN.NS,248.30025632005373,255.50079881726236,247.5472723047438,253.75949096679688,76053084.0
2020-12-07,TCS.NS,2515.7673347917384,2542.639251074965,2507.5666767463204,2536.801513671875,1996400.0
2020-12-08,HDFCBANK.NS,1319.9704868887284,1333.2182375583634,1310.5147217469014,1321.218505859375,9728948.0
2020-12-08,SBIN.NS,255.0301819774492,257.61860408057163,249.6650774011773,255.92434692382807,65617502.0
2020-12-08,TCS.NS,2538.932351499305,2599.672183474519,2531.936343022982,2592.027587890625,4277818.0
2020-12-09,HDFCBANK.NS,1321.8905291581675,1353.6178686891142,1320.0186177664302,1350.8818359375,11034537.0
2020-12-09,SBIN.NS,256.11260124708184,258.74807401823824,253.3829982931344,254.4654235839844,48495641.0
2020-12-09,TCS.NS,2608.4283695084105,2631.5938079587518,2588.181685812818,2604.53662109375,3659996.0
2020-12-10,HDFCBANK.NS,1342.0501162568132,1345.890030752541,1320.6905918743282,1330.3863525390625,9863983.0
2020-12-10,SBIN.NS,253.1947294424957,255.0772181372355,249.9474249542705,253.71240234375,38676657.0
2020-12-10,TCS.NS,2611.208413385847,2619.8260023655844,2576.228598763663,2579.9814453125,2127801.0
2020-12-11,HDFCBANK.NS,1334.41821844912,1339.1700653554612,1318.0505374430454,1327.4583740234375,10678192.0
2020-12-11,SBIN.NS,254.18300734092983,260.01873339007096,254.18300734092983,256.4420166015625,50255223.0
2020-12-11,TCS.NS,2587.765092780048,2601.6643576743704,2561.680896151707,2579.3330078125,1795408.0
2020-12-14,HDFCBANK.NS,1327.6504862306488,1332.4503795286626,1313.250806336607,1317.2347412109375,8611025.0
2020-12-14,SBIN.NS,257.9009425279016,259.924612061962,256.3478951517388,258.0892028808594,31946501.0
2020-12-14,TCS.NS,2596.383183591362,2598.236419268444,2553.99041747812,2592.398681640625,2483658.0
2020-12-15,HDFCBANK.NS,1325.5385107341078,1339.1221143092132,1311.3307804410254,1335.6182861328125,10780718.0
2020-12-15,SBIN.NS,257.9480126449653,257.9480126449653,252.39467650920423,254.74778747558597,34890948.0
2020-12-15,TCS.NS,2581.5563876824517,2589.617914789515,2552.831244818792,2558.900634765625,2365509.0
2020-12-16,HDFCBANK.NS,1347.8098897810696,1360.097662145904,1338.690093518306,1354.24169921875,8416046.0
2020-12-16,SBIN.NS,256.77146859804606,257.5715321071495,252.72412904540585,253.5712432861328,24844177.0
2020-12-16,TCS.NS,2575.069878770323,2612.875915758327,2557.881079926486,2607.686767578125,2565149.0
2020-12-17,HDFCBANK.NS,1361.825594530201,1387.169052560674,1348.2899199456515,1384.09716796875,10962239.0
2020-12-17,SBIN.NS,254.135965551276,256.15963508761826,251.0298707954481,251.9711151123047,25904699.0
2020-12-17,TCS.NS,2604.7220719317675,2644.2885981814266,2599.162366335328,2629.926025390625,2863460.0
2020-12-18,HDFCBANK.NS,1377.5692391283385,1382.0810915044915,1350.0179012197248,1354.86572265625,11497959.0
2020-12-18,SBIN.NS,251.971142148874,255.9714309247465,249.42977073087263,255.5008087158203,29816205.0
2020-12-18,TCS.NS,2657.539057038623,2685.337582739864,2637.338749784058,2651.052734375,6076692.0
2020-12-21,HDFCBANK.NS,1360.769614777529,1366.8654552233295,1312.002656841354,1317.714599609375,11880912.0
2020-12-21,SBIN.NS,252.6770641009905,253.19473701773285,236.29940334940835,239.7349395751953,55160758.0
2020-12-21,TCS.NS,2651.053352885476,2674.6821052442947,2580.6304046788014,2613.200927734375,2705195.0
2020-12-22,HDFCBANK.NS,1329.3783033869684,1329.3783033869684,1291.1711113590468,1318.146484375,11425779.0
2020-12-22,SBIN.NS,239.8290732675912,243.49993500323396,233.6639196451877,242.3233795166016,51189571.0
2020-12-22,TCS.NS,2626.034448603405,2672.0409249352624,2611.810777031514,2661.709228515625,2881737.0
2020-12-23,HDFCBANK.NS,1312.770633999818,1325.682298297565,1306.578819382509,1320.594482421875,7733697.0
2020-12-23,SBIN.NS,241.85275472418013,248.39438592489213,240.58206906736592,247.5472717285156,29056404.0
2020-12-23,TCS.NS,2664.9987205486723,2704.796903117614,2655.1764830312454,2695.299072265625,2790988.0
2020-12-24,HDFCBANK.NS,1333.7943684473034,1347.810033391749,1321.8906096726766,1341.1861572265625,7476094.0
2020-12-24,SBIN.NS,249.42974329897007,253.0535396540621,249.1003020440532,251.17105102539065,28585509.0
2020-12-24,TCS.NS,2695.5308179329545,2706.974636714977,2671.6240366609068,2695.855224609375,1807144.0
2020-12-28,HDFCBANK.NS,1348.769855920136,1364.129512642358,1347.809877374997,1356.3056640625,5849597.0
2020-12-28,SBIN.NS,252.95944879955692,259.78347113926594,252.25351545406983,259.0304870605469,36870242.0
2020-12-28,TCS.NS,2696.456817177553,2733.24348521158,2689.0438774739723,2714.43310546875,2108994.0
2020-12-29,HDFCBANK.NS,1364.17752466959,1377.3291835384346,1363.1695003481982,1370.081298828125,7247673.0
2020-12-29,SBIN.NS,260.0657807642275,263.45426588702924,258.5598129092006,261.57177734375,45032526.0
2020-12-29,TCS.NS,2705.724125842433,2735.375897084542,2705.724125842433,2715.45361328125,1994151.0
2020-12-30,HDFCBANK.NS,1382.273299130969,1382.273299130969,1356.4498496809554,1375.16943359375,8108363.0
2020-12-30,SBIN.NS,261.66592872685044,262.32481126020645,256.4890848131898,260.63055419921875,30971894.0
2020-12-30,TCS.NS,2719.066313224592,2731.390371272683,2689.043996585237,2695.808349609375,2637968.0
